CREATE TABLE IF NOT EXISTS "auth_group" ("id" integer NOT NULL PRIMARY KEY AUTOINCREMENT, "name" varchar(150) NOT NULL UNIQUE);
CREATE UNIQUE INDEX "auth_group_permissions_group_id_permission_id_0cd325b0_uniq" ON "auth_group_permissions" ("group_id", "permission_id");
CREATE INDEX IF NOT EXISTS "auth_group_permissions_group_id_b120cbf9" ON "auth_group_permissions" ("group_id");
CREATE INDEX IF NOT EXISTS "auth_group_permissions_permission_id_84c5c92e" ON "auth_group_permissions" ("permission_id");
CREATE UNIQUE INDEX "auth_user_groups_user_id_group_id_94350c0c_uniq" ON "auth_user_groups" ("user_id", "group_id");
CREATE INDEX IF NOT EXISTS "auth_user_groups_user_id_6a12ed8b" ON "auth_user_groups" ("user_id");
CREATE INDEX IF NOT EXISTS "auth_user_groups_group_id_97559544" ON "auth_user_groups" ("group_id");
CREATE UNIQUE INDEX "auth_user_user_permissions_user_id_permission_id_14a6b632_uniq" ON "auth_user_user_permissions" ("user_id", "permission_id");
CREATE INDEX IF NOT EXISTS "auth_user_user_permissions_user_id_a95ead1b" ON "auth_user_user_permissions" ("user_id");
CREATE INDEX IF NOT EXISTS "auth_user_user_permissions_permission_id_1fbb5f2c" ON "auth_user_user_permissions" ("permission_id");
CREATE INDEX IF NOT EXISTS "django_admin_log_content_type_id_c4bce8eb" ON "django_admin_log" ("content_type_id");
CREATE INDEX IF NOT EXISTS "django_admin_log_user_id_c564eba6" ON "django_admin_log" ("user_id");
CREATE UNIQUE INDEX "django_content_type_app_label_model_76bd3d3b_uniq" ON "django_content_type" ("app_label", "model");
CREATE UNIQUE INDEX "auth_permission_content_type_id_codename_01ab375a_uniq" ON "auth_permission" ("content_type_id", "codename");
CREATE INDEX IF NOT EXISTS "auth_permission_content_type_id_2f476e4b" ON "auth_permission" ("content_type_id");
CREATE INDEX IF NOT EXISTS "django_session_expire_date_a5c62663" ON "django_session" ("expire_date");
CREATE INDEX IF NOT EXISTS "single_revalidationstudent_department_id_aecae296" ON "single_revalidationstudent" ("department_id");
CREATE INDEX IF NOT EXISTS "single_revalidationstudent_teacher_id_86b1a0ff" ON "single_revalidationstudent" ("teacher_id");
CREATE INDEX IF NOT EXISTS "individual_revalidationstudent_department_id_ab6a8b91" ON "revalidation_revalidationstudent" ("department_id");
CREATE INDEX IF NOT EXISTS "individual_revalidationstudent_teacher_id_624baaca" ON "revalidation_revalidationstudent" ("teacher_id");
CREATE INDEX IF NOT EXISTS "base_lessontopic_category_id_d39db106" ON "base_lessontopic" ("category_id");
CREATE INDEX IF NOT EXISTS "base_lessontopic_teacher_id_9fa0058d" ON "base_lessontopic" ("teacher_id");
CREATE TABLE IF NOT EXISTS "auth_group_permissions" ("id" integer NOT NULL PRIMARY KEY AUTOINCREMENT, "group_id" integer NOT NULL REFERENCES "auth_group" ("id") DEFERRABLE INITIALLY DEFERRED, "permission_id" integer NOT NULL REFERENCES "auth_permission" ("id") DEFERRABLE INITIALLY DEFERRED);
CREATE UNIQUE INDEX "auth_group_permissions_group_id_permission_id_0cd325b0_uniq" ON "auth_group_permissions" ("group_id", "permission_id");
CREATE INDEX IF NOT EXISTS "auth_group_permissions_group_id_b120cbf9" ON "auth_group_permissions" ("group_id");
CREATE INDEX IF NOT EXISTS "auth_group_permissions_permission_id_84c5c92e" ON "auth_group_permissions" ("permission_id");
CREATE UNIQUE INDEX "auth_user_groups_user_id_group_id_94350c0c_uniq" ON "auth_user_groups" ("user_id", "group_id");
CREATE INDEX IF NOT EXISTS "auth_user_groups_user_id_6a12ed8b" ON "auth_user_groups" ("user_id");
CREATE INDEX IF NOT EXISTS "auth_user_groups_group_id_97559544" ON "auth_user_groups" ("group_id");
CREATE UNIQUE INDEX "auth_user_user_permissions_user_id_permission_id_14a6b632_uniq" ON "auth_user_user_permissions" ("user_id", "permission_id");
CREATE INDEX IF NOT EXISTS "auth_user_user_permissions_user_id_a95ead1b" ON "auth_user_user_permissions" ("user_id");
CREATE INDEX IF NOT EXISTS "auth_user_user_permissions_permission_id_1fbb5f2c" ON "auth_user_user_permissions" ("permission_id");
CREATE INDEX IF NOT EXISTS "django_admin_log_content_type_id_c4bce8eb" ON "django_admin_log" ("content_type_id");
CREATE INDEX IF NOT EXISTS "django_admin_log_user_id_c564eba6" ON "django_admin_log" ("user_id");
CREATE UNIQUE INDEX "django_content_type_app_label_model_76bd3d3b_uniq" ON "django_content_type" ("app_label", "model");
CREATE UNIQUE INDEX "auth_permission_content_type_id_codename_01ab375a_uniq" ON "auth_permission" ("content_type_id", "codename");
CREATE INDEX IF NOT EXISTS "auth_permission_content_type_id_2f476e4b" ON "auth_permission" ("content_type_id");
CREATE INDEX IF NOT EXISTS "django_session_expire_date_a5c62663" ON "django_session" ("expire_date");
CREATE INDEX IF NOT EXISTS "single_revalidationstudent_department_id_aecae296" ON "single_revalidationstudent" ("department_id");
CREATE INDEX IF NOT EXISTS "single_revalidationstudent_teacher_id_86b1a0ff" ON "single_revalidationstudent" ("teacher_id");
CREATE INDEX IF NOT EXISTS "individual_revalidationstudent_department_id_ab6a8b91" ON "revalidation_revalidationstudent" ("department_id");
CREATE INDEX IF NOT EXISTS "individual_revalidationstudent_teacher_id_624baaca" ON "revalidation_revalidationstudent" ("teacher_id");
CREATE INDEX IF NOT EXISTS "base_lessontopic_category_id_d39db106" ON "base_lessontopic" ("category_id");
CREATE INDEX IF NOT EXISTS "base_lessontopic_teacher_id_9fa0058d" ON "base_lessontopic" ("teacher_id");
CREATE TABLE IF NOT EXISTS "auth_permission" ("id" integer NOT NULL PRIMARY KEY AUTOINCREMENT, "content_type_id" integer NOT NULL REFERENCES "django_content_type" ("id") DEFERRABLE INITIALLY DEFERRED, "codename" varchar(100) NOT NULL, "name" varchar(255) NOT NULL);
INSERT INTO "auth_permission" VALUES(1,1,'add_logentry','Can add log entry');
INSERT INTO "auth_permission" VALUES(2,1,'change_logentry','Can change log entry');
INSERT INTO "auth_permission" VALUES(3,1,'delete_logentry','Can delete log entry');
INSERT INTO "auth_permission" VALUES(4,1,'view_logentry','Can view log entry');
INSERT INTO "auth_permission" VALUES(5,2,'add_permission','Can add permission');
INSERT INTO "auth_permission" VALUES(6,2,'change_permission','Can change permission');
INSERT INTO "auth_permission" VALUES(7,2,'delete_permission','Can delete permission');
INSERT INTO "auth_permission" VALUES(8,2,'view_permission','Can view permission');
INSERT INTO "auth_permission" VALUES(9,3,'add_group','Can add group');
INSERT INTO "auth_permission" VALUES(10,3,'change_group','Can change group');
INSERT INTO "auth_permission" VALUES(11,3,'delete_group','Can delete group');
INSERT INTO "auth_permission" VALUES(12,3,'view_group','Can view group');
INSERT INTO "auth_permission" VALUES(13,4,'add_user','Can add user');
INSERT INTO "auth_permission" VALUES(14,4,'change_user','Can change user');
INSERT INTO "auth_permission" VALUES(15,4,'delete_user','Can delete user');
INSERT INTO "auth_permission" VALUES(16,4,'view_user','Can view user');
INSERT INTO "auth_permission" VALUES(17,5,'add_contenttype','Can add content type');
INSERT INTO "auth_permission" VALUES(18,5,'change_contenttype','Can change content type');
INSERT INTO "auth_permission" VALUES(19,5,'delete_contenttype','Can delete content type');
INSERT INTO "auth_permission" VALUES(20,5,'view_contenttype','Can view content type');
INSERT INTO "auth_permission" VALUES(21,6,'add_session','Can add session');
INSERT INTO "auth_permission" VALUES(22,6,'change_session','Can change session');
INSERT INTO "auth_permission" VALUES(23,6,'delete_session','Can delete session');
INSERT INTO "auth_permission" VALUES(24,6,'view_session','Can view session');
INSERT INTO "auth_permission" VALUES(25,7,'add_department','Can add department');
INSERT INTO "auth_permission" VALUES(26,7,'change_department','Can change department');
INSERT INTO "auth_permission" VALUES(27,7,'delete_department','Can delete department');
INSERT INTO "auth_permission" VALUES(28,7,'view_department','Can view department');
INSERT INTO "auth_permission" VALUES(29,8,'add_polishdays','Can add polish days');
INSERT INTO "auth_permission" VALUES(30,8,'change_polishdays','Can change polish days');
INSERT INTO "auth_permission" VALUES(31,8,'delete_polishdays','Can delete polish days');
INSERT INTO "auth_permission" VALUES(32,8,'view_polishdays','Can view polish days');
INSERT INTO "auth_permission" VALUES(33,9,'add_presencesymbol','Can add presence symbol');
INSERT INTO "auth_permission" VALUES(34,9,'change_presencesymbol','Can change presence symbol');
INSERT INTO "auth_permission" VALUES(35,9,'delete_presencesymbol','Can delete presence symbol');
INSERT INTO "auth_permission" VALUES(36,9,'view_presencesymbol','Can view presence symbol');
INSERT INTO "auth_permission" VALUES(37,10,'add_department','Can add department');
INSERT INTO "auth_permission" VALUES(38,10,'change_department','Can change department');
INSERT INTO "auth_permission" VALUES(39,10,'delete_department','Can delete department');
INSERT INTO "auth_permission" VALUES(40,10,'view_department','Can view department');
INSERT INTO "auth_permission" VALUES(41,11,'add_polishdays','Can add polish days');
INSERT INTO "auth_permission" VALUES(42,11,'change_polishdays','Can change polish days');
INSERT INTO "auth_permission" VALUES(43,11,'delete_polishdays','Can delete polish days');
INSERT INTO "auth_permission" VALUES(44,11,'view_polishdays','Can view polish days');
INSERT INTO "auth_permission" VALUES(45,12,'add_presencesymbol','Can add presence symbol');
INSERT INTO "auth_permission" VALUES(46,12,'change_presencesymbol','Can change presence symbol');
INSERT INTO "auth_permission" VALUES(47,12,'delete_presencesymbol','Can delete presence symbol');
INSERT INTO "auth_permission" VALUES(48,12,'view_presencesymbol','Can view presence symbol');
INSERT INTO "auth_permission" VALUES(49,13,'add_revalidationstudent','Can add revalidation student');
INSERT INTO "auth_permission" VALUES(50,13,'change_revalidationstudent','Can change revalidation student');
INSERT INTO "auth_permission" VALUES(51,13,'delete_revalidationstudent','Can delete revalidation student');
INSERT INTO "auth_permission" VALUES(52,13,'view_revalidationstudent','Can view revalidation student');
INSERT INTO "auth_permission" VALUES(53,14,'add_sparedtime','Can add spared time');
INSERT INTO "auth_permission" VALUES(54,14,'change_sparedtime','Can change spared time');
INSERT INTO "auth_permission" VALUES(55,14,'delete_sparedtime','Can delete spared time');
INSERT INTO "auth_permission" VALUES(56,14,'view_sparedtime','Can view spared time');
INSERT INTO "auth_permission" VALUES(57,15,'add_lessontopic','Can add lesson topic');
INSERT INTO "auth_permission" VALUES(58,15,'change_lessontopic','Can change lesson topic');
INSERT INTO "auth_permission" VALUES(59,15,'delete_lessontopic','Can delete lesson topic');
INSERT INTO "auth_permission" VALUES(60,15,'view_lessontopic','Can view lesson topic');
INSERT INTO "auth_permission" VALUES(61,16,'add_revalidationstudent','Can add revalidation student');
INSERT INTO "auth_permission" VALUES(62,16,'change_revalidationstudent','Can change revalidation student');
INSERT INTO "auth_permission" VALUES(63,16,'delete_revalidationstudent','Can delete revalidation student');
INSERT INTO "auth_permission" VALUES(64,16,'view_revalidationstudent','Can view revalidation student');
INSERT INTO "auth_permission" VALUES(65,17,'add_individuallessonpaymenttype','Can add individual lesson payment type');
INSERT INTO "auth_permission" VALUES(66,17,'change_individuallessonpaymenttype','Can change individual lesson payment type');
INSERT INTO "auth_permission" VALUES(67,17,'delete_individuallessonpaymenttype','Can delete individual lesson payment type');
INSERT INTO "auth_permission" VALUES(68,17,'view_individuallessonpaymenttype','Can view individual lesson payment type');
INSERT INTO "auth_permission" VALUES(69,18,'add_lessoncategory','Can add lesson category');
INSERT INTO "auth_permission" VALUES(70,18,'change_lessoncategory','Can change lesson category');
INSERT INTO "auth_permission" VALUES(71,18,'delete_lessoncategory','Can delete lesson category');
INSERT INTO "auth_permission" VALUES(72,18,'view_lessoncategory','Can view lesson category');
CREATE UNIQUE INDEX "auth_group_permissions_group_id_permission_id_0cd325b0_uniq" ON "auth_group_permissions" ("group_id", "permission_id");
CREATE INDEX IF NOT EXISTS "auth_group_permissions_group_id_b120cbf9" ON "auth_group_permissions" ("group_id");
CREATE INDEX IF NOT EXISTS "auth_group_permissions_permission_id_84c5c92e" ON "auth_group_permissions" ("permission_id");
CREATE UNIQUE INDEX "auth_user_groups_user_id_group_id_94350c0c_uniq" ON "auth_user_groups" ("user_id", "group_id");
CREATE INDEX IF NOT EXISTS "auth_user_groups_user_id_6a12ed8b" ON "auth_user_groups" ("user_id");
CREATE INDEX IF NOT EXISTS "auth_user_groups_group_id_97559544" ON "auth_user_groups" ("group_id");
CREATE UNIQUE INDEX "auth_user_user_permissions_user_id_permission_id_14a6b632_uniq" ON "auth_user_user_permissions" ("user_id", "permission_id");
CREATE INDEX IF NOT EXISTS "auth_user_user_permissions_user_id_a95ead1b" ON "auth_user_user_permissions" ("user_id");
CREATE INDEX IF NOT EXISTS "auth_user_user_permissions_permission_id_1fbb5f2c" ON "auth_user_user_permissions" ("permission_id");
CREATE INDEX IF NOT EXISTS "django_admin_log_content_type_id_c4bce8eb" ON "django_admin_log" ("content_type_id");
CREATE INDEX IF NOT EXISTS "django_admin_log_user_id_c564eba6" ON "django_admin_log" ("user_id");
CREATE UNIQUE INDEX "django_content_type_app_label_model_76bd3d3b_uniq" ON "django_content_type" ("app_label", "model");
CREATE UNIQUE INDEX "auth_permission_content_type_id_codename_01ab375a_uniq" ON "auth_permission" ("content_type_id", "codename");
CREATE INDEX IF NOT EXISTS "auth_permission_content_type_id_2f476e4b" ON "auth_permission" ("content_type_id");
CREATE INDEX IF NOT EXISTS "django_session_expire_date_a5c62663" ON "django_session" ("expire_date");
CREATE INDEX IF NOT EXISTS "single_revalidationstudent_department_id_aecae296" ON "single_revalidationstudent" ("department_id");
CREATE INDEX IF NOT EXISTS "single_revalidationstudent_teacher_id_86b1a0ff" ON "single_revalidationstudent" ("teacher_id");
CREATE INDEX IF NOT EXISTS "individual_revalidationstudent_department_id_ab6a8b91" ON "revalidation_revalidationstudent" ("department_id");
CREATE INDEX IF NOT EXISTS "individual_revalidationstudent_teacher_id_624baaca" ON "revalidation_revalidationstudent" ("teacher_id");
CREATE INDEX IF NOT EXISTS "base_lessontopic_category_id_d39db106" ON "base_lessontopic" ("category_id");
CREATE INDEX IF NOT EXISTS "base_lessontopic_teacher_id_9fa0058d" ON "base_lessontopic" ("teacher_id");
CREATE TABLE IF NOT EXISTS "auth_user" ("id" integer NOT NULL PRIMARY KEY AUTOINCREMENT, "password" varchar(128) NOT NULL, "last_login" datetime NULL, "is_superuser" bool NOT NULL, "username" varchar(150) NOT NULL UNIQUE, "last_name" varchar(150) NOT NULL, "email" varchar(254) NOT NULL, "is_staff" bool NOT NULL, "is_active" bool NOT NULL, "date_joined" datetime NOT NULL, "first_name" varchar(150) NOT NULL);
INSERT INTO "auth_user" VALUES(1,'pbkdf2_sha256$216000$GYVQH8INeE2f$RdGY/W7E02Ok92/HTx7gh7B7y0Z9W1Gm4wX9ewoSAoM=','2021-03-17 08:52:10.268336',1,'piotrek','','piotr.krawczyk@interia.pl',1,1,'2021-02-19 09:54:04.546066','');
INSERT INTO "auth_user" VALUES(2,'pbkdf2_sha256$216000$yzMHQFn3Q95O$WsKRtVgbiDCPn2VLi+hrzBLsKLPjhnrC1iqr2irwKrE=','2021-03-18 10:38:09.690354',0,'marzena.krawczyk','Krawczyk','marzena.krawczyk@interia.eu',0,1,'2021-02-24 16:07:28','Marzena');
CREATE UNIQUE INDEX "auth_group_permissions_group_id_permission_id_0cd325b0_uniq" ON "auth_group_permissions" ("group_id", "permission_id");
CREATE INDEX IF NOT EXISTS "auth_group_permissions_group_id_b120cbf9" ON "auth_group_permissions" ("group_id");
CREATE INDEX IF NOT EXISTS "auth_group_permissions_permission_id_84c5c92e" ON "auth_group_permissions" ("permission_id");
CREATE UNIQUE INDEX "auth_user_groups_user_id_group_id_94350c0c_uniq" ON "auth_user_groups" ("user_id", "group_id");
CREATE INDEX IF NOT EXISTS "auth_user_groups_user_id_6a12ed8b" ON "auth_user_groups" ("user_id");
CREATE INDEX IF NOT EXISTS "auth_user_groups_group_id_97559544" ON "auth_user_groups" ("group_id");
CREATE UNIQUE INDEX "auth_user_user_permissions_user_id_permission_id_14a6b632_uniq" ON "auth_user_user_permissions" ("user_id", "permission_id");
CREATE INDEX IF NOT EXISTS "auth_user_user_permissions_user_id_a95ead1b" ON "auth_user_user_permissions" ("user_id");
CREATE INDEX IF NOT EXISTS "auth_user_user_permissions_permission_id_1fbb5f2c" ON "auth_user_user_permissions" ("permission_id");
CREATE INDEX IF NOT EXISTS "django_admin_log_content_type_id_c4bce8eb" ON "django_admin_log" ("content_type_id");
CREATE INDEX IF NOT EXISTS "django_admin_log_user_id_c564eba6" ON "django_admin_log" ("user_id");
CREATE UNIQUE INDEX "django_content_type_app_label_model_76bd3d3b_uniq" ON "django_content_type" ("app_label", "model");
CREATE UNIQUE INDEX "auth_permission_content_type_id_codename_01ab375a_uniq" ON "auth_permission" ("content_type_id", "codename");
CREATE INDEX IF NOT EXISTS "auth_permission_content_type_id_2f476e4b" ON "auth_permission" ("content_type_id");
CREATE INDEX IF NOT EXISTS "django_session_expire_date_a5c62663" ON "django_session" ("expire_date");
CREATE INDEX IF NOT EXISTS "single_revalidationstudent_department_id_aecae296" ON "single_revalidationstudent" ("department_id");
CREATE INDEX IF NOT EXISTS "single_revalidationstudent_teacher_id_86b1a0ff" ON "single_revalidationstudent" ("teacher_id");
CREATE INDEX IF NOT EXISTS "individual_revalidationstudent_department_id_ab6a8b91" ON "revalidation_revalidationstudent" ("department_id");
CREATE INDEX IF NOT EXISTS "individual_revalidationstudent_teacher_id_624baaca" ON "revalidation_revalidationstudent" ("teacher_id");
CREATE INDEX IF NOT EXISTS "base_lessontopic_category_id_d39db106" ON "base_lessontopic" ("category_id");
CREATE INDEX IF NOT EXISTS "base_lessontopic_teacher_id_9fa0058d" ON "base_lessontopic" ("teacher_id");
CREATE TABLE IF NOT EXISTS "auth_user_groups" ("id" integer NOT NULL PRIMARY KEY AUTOINCREMENT, "user_id" integer NOT NULL REFERENCES "auth_user" ("id") DEFERRABLE INITIALLY DEFERRED, "group_id" integer NOT NULL REFERENCES "auth_group" ("id") DEFERRABLE INITIALLY DEFERRED);
CREATE UNIQUE INDEX "auth_group_permissions_group_id_permission_id_0cd325b0_uniq" ON "auth_group_permissions" ("group_id", "permission_id");
CREATE INDEX IF NOT EXISTS "auth_group_permissions_group_id_b120cbf9" ON "auth_group_permissions" ("group_id");
CREATE INDEX IF NOT EXISTS "auth_group_permissions_permission_id_84c5c92e" ON "auth_group_permissions" ("permission_id");
CREATE UNIQUE INDEX "auth_user_groups_user_id_group_id_94350c0c_uniq" ON "auth_user_groups" ("user_id", "group_id");
CREATE INDEX IF NOT EXISTS "auth_user_groups_user_id_6a12ed8b" ON "auth_user_groups" ("user_id");
CREATE INDEX IF NOT EXISTS "auth_user_groups_group_id_97559544" ON "auth_user_groups" ("group_id");
CREATE UNIQUE INDEX "auth_user_user_permissions_user_id_permission_id_14a6b632_uniq" ON "auth_user_user_permissions" ("user_id", "permission_id");
CREATE INDEX IF NOT EXISTS "auth_user_user_permissions_user_id_a95ead1b" ON "auth_user_user_permissions" ("user_id");
CREATE INDEX IF NOT EXISTS "auth_user_user_permissions_permission_id_1fbb5f2c" ON "auth_user_user_permissions" ("permission_id");
CREATE INDEX IF NOT EXISTS "django_admin_log_content_type_id_c4bce8eb" ON "django_admin_log" ("content_type_id");
CREATE INDEX IF NOT EXISTS "django_admin_log_user_id_c564eba6" ON "django_admin_log" ("user_id");
CREATE UNIQUE INDEX "django_content_type_app_label_model_76bd3d3b_uniq" ON "django_content_type" ("app_label", "model");
CREATE UNIQUE INDEX "auth_permission_content_type_id_codename_01ab375a_uniq" ON "auth_permission" ("content_type_id", "codename");
CREATE INDEX IF NOT EXISTS "auth_permission_content_type_id_2f476e4b" ON "auth_permission" ("content_type_id");
CREATE INDEX IF NOT EXISTS "django_session_expire_date_a5c62663" ON "django_session" ("expire_date");
CREATE INDEX IF NOT EXISTS "single_revalidationstudent_department_id_aecae296" ON "single_revalidationstudent" ("department_id");
CREATE INDEX IF NOT EXISTS "single_revalidationstudent_teacher_id_86b1a0ff" ON "single_revalidationstudent" ("teacher_id");
CREATE INDEX IF NOT EXISTS "individual_revalidationstudent_department_id_ab6a8b91" ON "revalidation_revalidationstudent" ("department_id");
CREATE INDEX IF NOT EXISTS "individual_revalidationstudent_teacher_id_624baaca" ON "revalidation_revalidationstudent" ("teacher_id");
CREATE INDEX IF NOT EXISTS "base_lessontopic_category_id_d39db106" ON "base_lessontopic" ("category_id");
CREATE INDEX IF NOT EXISTS "base_lessontopic_teacher_id_9fa0058d" ON "base_lessontopic" ("teacher_id");
CREATE TABLE IF NOT EXISTS "auth_user_user_permissions" ("id" integer NOT NULL PRIMARY KEY AUTOINCREMENT, "user_id" integer NOT NULL REFERENCES "auth_user" ("id") DEFERRABLE INITIALLY DEFERRED, "permission_id" integer NOT NULL REFERENCES "auth_permission" ("id") DEFERRABLE INITIALLY DEFERRED);
CREATE UNIQUE INDEX "auth_group_permissions_group_id_permission_id_0cd325b0_uniq" ON "auth_group_permissions" ("group_id", "permission_id");
CREATE INDEX IF NOT EXISTS "auth_group_permissions_group_id_b120cbf9" ON "auth_group_permissions" ("group_id");
CREATE INDEX IF NOT EXISTS "auth_group_permissions_permission_id_84c5c92e" ON "auth_group_permissions" ("permission_id");
CREATE UNIQUE INDEX "auth_user_groups_user_id_group_id_94350c0c_uniq" ON "auth_user_groups" ("user_id", "group_id");
CREATE INDEX IF NOT EXISTS "auth_user_groups_user_id_6a12ed8b" ON "auth_user_groups" ("user_id");
CREATE INDEX IF NOT EXISTS "auth_user_groups_group_id_97559544" ON "auth_user_groups" ("group_id");
CREATE UNIQUE INDEX "auth_user_user_permissions_user_id_permission_id_14a6b632_uniq" ON "auth_user_user_permissions" ("user_id", "permission_id");
CREATE INDEX IF NOT EXISTS "auth_user_user_permissions_user_id_a95ead1b" ON "auth_user_user_permissions" ("user_id");
CREATE INDEX IF NOT EXISTS "auth_user_user_permissions_permission_id_1fbb5f2c" ON "auth_user_user_permissions" ("permission_id");
CREATE INDEX IF NOT EXISTS "django_admin_log_content_type_id_c4bce8eb" ON "django_admin_log" ("content_type_id");
CREATE INDEX IF NOT EXISTS "django_admin_log_user_id_c564eba6" ON "django_admin_log" ("user_id");
CREATE UNIQUE INDEX "django_content_type_app_label_model_76bd3d3b_uniq" ON "django_content_type" ("app_label", "model");
CREATE UNIQUE INDEX "auth_permission_content_type_id_codename_01ab375a_uniq" ON "auth_permission" ("content_type_id", "codename");
CREATE INDEX IF NOT EXISTS "auth_permission_content_type_id_2f476e4b" ON "auth_permission" ("content_type_id");
CREATE INDEX IF NOT EXISTS "django_session_expire_date_a5c62663" ON "django_session" ("expire_date");
CREATE INDEX IF NOT EXISTS "single_revalidationstudent_department_id_aecae296" ON "single_revalidationstudent" ("department_id");
CREATE INDEX IF NOT EXISTS "single_revalidationstudent_teacher_id_86b1a0ff" ON "single_revalidationstudent" ("teacher_id");
CREATE INDEX IF NOT EXISTS "individual_revalidationstudent_department_id_ab6a8b91" ON "revalidation_revalidationstudent" ("department_id");
CREATE INDEX IF NOT EXISTS "individual_revalidationstudent_teacher_id_624baaca" ON "revalidation_revalidationstudent" ("teacher_id");
CREATE INDEX IF NOT EXISTS "base_lessontopic_category_id_d39db106" ON "base_lessontopic" ("category_id");
CREATE INDEX IF NOT EXISTS "base_lessontopic_teacher_id_9fa0058d" ON "base_lessontopic" ("teacher_id");
CREATE TABLE IF NOT EXISTS "base_department" ("id" integer NOT NULL PRIMARY KEY AUTOINCREMENT, "name" varchar(50) NOT NULL, "full_name" varchar(50) NOT NULL);
INSERT INTO "base_department" VALUES(1,'SPBrza','Brzączowice');
INSERT INTO "base_department" VALUES(2,'SP2_Dob','Dobczyce');
CREATE UNIQUE INDEX "auth_group_permissions_group_id_permission_id_0cd325b0_uniq" ON "auth_group_permissions" ("group_id", "permission_id");
CREATE INDEX IF NOT EXISTS "auth_group_permissions_group_id_b120cbf9" ON "auth_group_permissions" ("group_id");
CREATE INDEX IF NOT EXISTS "auth_group_permissions_permission_id_84c5c92e" ON "auth_group_permissions" ("permission_id");
CREATE UNIQUE INDEX "auth_user_groups_user_id_group_id_94350c0c_uniq" ON "auth_user_groups" ("user_id", "group_id");
CREATE INDEX IF NOT EXISTS "auth_user_groups_user_id_6a12ed8b" ON "auth_user_groups" ("user_id");
CREATE INDEX IF NOT EXISTS "auth_user_groups_group_id_97559544" ON "auth_user_groups" ("group_id");
CREATE UNIQUE INDEX "auth_user_user_permissions_user_id_permission_id_14a6b632_uniq" ON "auth_user_user_permissions" ("user_id", "permission_id");
CREATE INDEX IF NOT EXISTS "auth_user_user_permissions_user_id_a95ead1b" ON "auth_user_user_permissions" ("user_id");
CREATE INDEX IF NOT EXISTS "auth_user_user_permissions_permission_id_1fbb5f2c" ON "auth_user_user_permissions" ("permission_id");
CREATE INDEX IF NOT EXISTS "django_admin_log_content_type_id_c4bce8eb" ON "django_admin_log" ("content_type_id");
CREATE INDEX IF NOT EXISTS "django_admin_log_user_id_c564eba6" ON "django_admin_log" ("user_id");
CREATE UNIQUE INDEX "django_content_type_app_label_model_76bd3d3b_uniq" ON "django_content_type" ("app_label", "model");
CREATE UNIQUE INDEX "auth_permission_content_type_id_codename_01ab375a_uniq" ON "auth_permission" ("content_type_id", "codename");
CREATE INDEX IF NOT EXISTS "auth_permission_content_type_id_2f476e4b" ON "auth_permission" ("content_type_id");
CREATE INDEX IF NOT EXISTS "django_session_expire_date_a5c62663" ON "django_session" ("expire_date");
CREATE INDEX IF NOT EXISTS "single_revalidationstudent_department_id_aecae296" ON "single_revalidationstudent" ("department_id");
CREATE INDEX IF NOT EXISTS "single_revalidationstudent_teacher_id_86b1a0ff" ON "single_revalidationstudent" ("teacher_id");
CREATE INDEX IF NOT EXISTS "individual_revalidationstudent_department_id_ab6a8b91" ON "revalidation_revalidationstudent" ("department_id");
CREATE INDEX IF NOT EXISTS "individual_revalidationstudent_teacher_id_624baaca" ON "revalidation_revalidationstudent" ("teacher_id");
CREATE INDEX IF NOT EXISTS "base_lessontopic_category_id_d39db106" ON "base_lessontopic" ("category_id");
CREATE INDEX IF NOT EXISTS "base_lessontopic_teacher_id_9fa0058d" ON "base_lessontopic" ("teacher_id");
CREATE TABLE IF NOT EXISTS "base_lessoncategory" ("id" integer NOT NULL PRIMARY KEY AUTOINCREMENT, "name" varchar(50) NOT NULL);
INSERT INTO "base_lessoncategory" VALUES(1,'Rewalidacja');
CREATE UNIQUE INDEX "auth_group_permissions_group_id_permission_id_0cd325b0_uniq" ON "auth_group_permissions" ("group_id", "permission_id");
CREATE INDEX IF NOT EXISTS "auth_group_permissions_group_id_b120cbf9" ON "auth_group_permissions" ("group_id");
CREATE INDEX IF NOT EXISTS "auth_group_permissions_permission_id_84c5c92e" ON "auth_group_permissions" ("permission_id");
CREATE UNIQUE INDEX "auth_user_groups_user_id_group_id_94350c0c_uniq" ON "auth_user_groups" ("user_id", "group_id");
CREATE INDEX IF NOT EXISTS "auth_user_groups_user_id_6a12ed8b" ON "auth_user_groups" ("user_id");
CREATE INDEX IF NOT EXISTS "auth_user_groups_group_id_97559544" ON "auth_user_groups" ("group_id");
CREATE UNIQUE INDEX "auth_user_user_permissions_user_id_permission_id_14a6b632_uniq" ON "auth_user_user_permissions" ("user_id", "permission_id");
CREATE INDEX IF NOT EXISTS "auth_user_user_permissions_user_id_a95ead1b" ON "auth_user_user_permissions" ("user_id");
CREATE INDEX IF NOT EXISTS "auth_user_user_permissions_permission_id_1fbb5f2c" ON "auth_user_user_permissions" ("permission_id");
CREATE INDEX IF NOT EXISTS "django_admin_log_content_type_id_c4bce8eb" ON "django_admin_log" ("content_type_id");
CREATE INDEX IF NOT EXISTS "django_admin_log_user_id_c564eba6" ON "django_admin_log" ("user_id");
CREATE UNIQUE INDEX "django_content_type_app_label_model_76bd3d3b_uniq" ON "django_content_type" ("app_label", "model");
CREATE UNIQUE INDEX "auth_permission_content_type_id_codename_01ab375a_uniq" ON "auth_permission" ("content_type_id", "codename");
CREATE INDEX IF NOT EXISTS "auth_permission_content_type_id_2f476e4b" ON "auth_permission" ("content_type_id");
CREATE INDEX IF NOT EXISTS "django_session_expire_date_a5c62663" ON "django_session" ("expire_date");
CREATE INDEX IF NOT EXISTS "single_revalidationstudent_department_id_aecae296" ON "single_revalidationstudent" ("department_id");
CREATE INDEX IF NOT EXISTS "single_revalidationstudent_teacher_id_86b1a0ff" ON "single_revalidationstudent" ("teacher_id");
CREATE INDEX IF NOT EXISTS "individual_revalidationstudent_department_id_ab6a8b91" ON "revalidation_revalidationstudent" ("department_id");
CREATE INDEX IF NOT EXISTS "individual_revalidationstudent_teacher_id_624baaca" ON "revalidation_revalidationstudent" ("teacher_id");
CREATE INDEX IF NOT EXISTS "base_lessontopic_category_id_d39db106" ON "base_lessontopic" ("category_id");
CREATE INDEX IF NOT EXISTS "base_lessontopic_teacher_id_9fa0058d" ON "base_lessontopic" ("teacher_id");
CREATE TABLE IF NOT EXISTS "base_lessontopic" ("id" integer NOT NULL PRIMARY KEY AUTOINCREMENT, "topic" varchar(300) NOT NULL, "is_individual" bool NOT NULL, "category_id" integer NULL REFERENCES "base_lessoncategory" ("id") DEFERRABLE INITIALLY DEFERRED, "teacher_id" integer NOT NULL REFERENCES "auth_user" ("id") DEFERRABLE INITIALLY DEFERRED);
INSERT INTO "base_lessontopic" VALUES(3,'Testowy temat rewalidacyjny',1,1,2);
INSERT INTO "base_lessontopic" VALUES(6,'Test 3',1,1,2);
INSERT INTO "base_lessontopic" VALUES(7,'Test 4',1,1,2);
INSERT INTO "base_lessontopic" VALUES(8,'Test 5',1,1,2);
CREATE UNIQUE INDEX "auth_group_permissions_group_id_permission_id_0cd325b0_uniq" ON "auth_group_permissions" ("group_id", "permission_id");
CREATE INDEX IF NOT EXISTS "auth_group_permissions_group_id_b120cbf9" ON "auth_group_permissions" ("group_id");
CREATE INDEX IF NOT EXISTS "auth_group_permissions_permission_id_84c5c92e" ON "auth_group_permissions" ("permission_id");
CREATE UNIQUE INDEX "auth_user_groups_user_id_group_id_94350c0c_uniq" ON "auth_user_groups" ("user_id", "group_id");
CREATE INDEX IF NOT EXISTS "auth_user_groups_user_id_6a12ed8b" ON "auth_user_groups" ("user_id");
CREATE INDEX IF NOT EXISTS "auth_user_groups_group_id_97559544" ON "auth_user_groups" ("group_id");
CREATE UNIQUE INDEX "auth_user_user_permissions_user_id_permission_id_14a6b632_uniq" ON "auth_user_user_permissions" ("user_id", "permission_id");
CREATE INDEX IF NOT EXISTS "auth_user_user_permissions_user_id_a95ead1b" ON "auth_user_user_permissions" ("user_id");
CREATE INDEX IF NOT EXISTS "auth_user_user_permissions_permission_id_1fbb5f2c" ON "auth_user_user_permissions" ("permission_id");
CREATE INDEX IF NOT EXISTS "django_admin_log_content_type_id_c4bce8eb" ON "django_admin_log" ("content_type_id");
CREATE INDEX IF NOT EXISTS "django_admin_log_user_id_c564eba6" ON "django_admin_log" ("user_id");
CREATE UNIQUE INDEX "django_content_type_app_label_model_76bd3d3b_uniq" ON "django_content_type" ("app_label", "model");
CREATE UNIQUE INDEX "auth_permission_content_type_id_codename_01ab375a_uniq" ON "auth_permission" ("content_type_id", "codename");
CREATE INDEX IF NOT EXISTS "auth_permission_content_type_id_2f476e4b" ON "auth_permission" ("content_type_id");
CREATE INDEX IF NOT EXISTS "django_session_expire_date_a5c62663" ON "django_session" ("expire_date");
CREATE INDEX IF NOT EXISTS "single_revalidationstudent_department_id_aecae296" ON "single_revalidationstudent" ("department_id");
CREATE INDEX IF NOT EXISTS "single_revalidationstudent_teacher_id_86b1a0ff" ON "single_revalidationstudent" ("teacher_id");
CREATE INDEX IF NOT EXISTS "individual_revalidationstudent_department_id_ab6a8b91" ON "revalidation_revalidationstudent" ("department_id");
CREATE INDEX IF NOT EXISTS "individual_revalidationstudent_teacher_id_624baaca" ON "revalidation_revalidationstudent" ("teacher_id");
CREATE INDEX IF NOT EXISTS "base_lessontopic_category_id_d39db106" ON "base_lessontopic" ("category_id");
CREATE INDEX IF NOT EXISTS "base_lessontopic_teacher_id_9fa0058d" ON "base_lessontopic" ("teacher_id");
CREATE TABLE IF NOT EXISTS "base_polishdays" ("id" integer NOT NULL PRIMARY KEY AUTOINCREMENT, "name" varchar(50) NOT NULL);
INSERT INTO "base_polishdays" VALUES(1,'Poniedziałek');
INSERT INTO "base_polishdays" VALUES(2,'Wtorek');
INSERT INTO "base_polishdays" VALUES(3,'Środa');
INSERT INTO "base_polishdays" VALUES(4,'Czwartek');
INSERT INTO "base_polishdays" VALUES(5,'Piątek');
INSERT INTO "base_polishdays" VALUES(6,'Sobota');
CREATE UNIQUE INDEX "auth_group_permissions_group_id_permission_id_0cd325b0_uniq" ON "auth_group_permissions" ("group_id", "permission_id");
CREATE INDEX IF NOT EXISTS "auth_group_permissions_group_id_b120cbf9" ON "auth_group_permissions" ("group_id");
CREATE INDEX IF NOT EXISTS "auth_group_permissions_permission_id_84c5c92e" ON "auth_group_permissions" ("permission_id");
CREATE UNIQUE INDEX "auth_user_groups_user_id_group_id_94350c0c_uniq" ON "auth_user_groups" ("user_id", "group_id");
CREATE INDEX IF NOT EXISTS "auth_user_groups_user_id_6a12ed8b" ON "auth_user_groups" ("user_id");
CREATE INDEX IF NOT EXISTS "auth_user_groups_group_id_97559544" ON "auth_user_groups" ("group_id");
CREATE UNIQUE INDEX "auth_user_user_permissions_user_id_permission_id_14a6b632_uniq" ON "auth_user_user_permissions" ("user_id", "permission_id");
CREATE INDEX IF NOT EXISTS "auth_user_user_permissions_user_id_a95ead1b" ON "auth_user_user_permissions" ("user_id");
CREATE INDEX IF NOT EXISTS "auth_user_user_permissions_permission_id_1fbb5f2c" ON "auth_user_user_permissions" ("permission_id");
CREATE INDEX IF NOT EXISTS "django_admin_log_content_type_id_c4bce8eb" ON "django_admin_log" ("content_type_id");
CREATE INDEX IF NOT EXISTS "django_admin_log_user_id_c564eba6" ON "django_admin_log" ("user_id");
CREATE UNIQUE INDEX "django_content_type_app_label_model_76bd3d3b_uniq" ON "django_content_type" ("app_label", "model");
CREATE UNIQUE INDEX "auth_permission_content_type_id_codename_01ab375a_uniq" ON "auth_permission" ("content_type_id", "codename");
CREATE INDEX IF NOT EXISTS "auth_permission_content_type_id_2f476e4b" ON "auth_permission" ("content_type_id");
CREATE INDEX IF NOT EXISTS "django_session_expire_date_a5c62663" ON "django_session" ("expire_date");
CREATE INDEX IF NOT EXISTS "single_revalidationstudent_department_id_aecae296" ON "single_revalidationstudent" ("department_id");
CREATE INDEX IF NOT EXISTS "single_revalidationstudent_teacher_id_86b1a0ff" ON "single_revalidationstudent" ("teacher_id");
CREATE INDEX IF NOT EXISTS "individual_revalidationstudent_department_id_ab6a8b91" ON "revalidation_revalidationstudent" ("department_id");
CREATE INDEX IF NOT EXISTS "individual_revalidationstudent_teacher_id_624baaca" ON "revalidation_revalidationstudent" ("teacher_id");
CREATE INDEX IF NOT EXISTS "base_lessontopic_category_id_d39db106" ON "base_lessontopic" ("category_id");
CREATE INDEX IF NOT EXISTS "base_lessontopic_teacher_id_9fa0058d" ON "base_lessontopic" ("teacher_id");
CREATE TABLE IF NOT EXISTS "base_presencesymbol" ("id" integer NOT NULL PRIMARY KEY AUTOINCREMENT, "symbol" varchar(5) NOT NULL, "full_name" varchar(30) NOT NULL);
INSERT INTO "base_presencesymbol" VALUES(1,'●','Obecny');
INSERT INTO "base_presencesymbol" VALUES(2,'▬','Nieobecny');
INSERT INTO "base_presencesymbol" VALUES(3,'u','Nieobecność usprawiedliwiona');
INSERT INTO "base_presencesymbol" VALUES(4,'s','Spóźniony');
INSERT INTO "base_presencesymbol" VALUES(5,'su','Spóźniony usprawiedliwiony');
INSERT INTO "base_presencesymbol" VALUES(6,'ns','Nieobecność z przyczyn szkolnych');
INSERT INTO "base_presencesymbol" VALUES(7,'z','Zwolniony');
INSERT INTO "base_presencesymbol" VALUES(8,'nć','Niećwiczący');
INSERT INTO "base_presencesymbol" VALUES(9,'sm','Sanatorium');
INSERT INTO "base_presencesymbol" VALUES(10,'zo','Zajęcia odwołane');
CREATE UNIQUE INDEX "auth_group_permissions_group_id_permission_id_0cd325b0_uniq" ON "auth_group_permissions" ("group_id", "permission_id");
CREATE INDEX IF NOT EXISTS "auth_group_permissions_group_id_b120cbf9" ON "auth_group_permissions" ("group_id");
CREATE INDEX IF NOT EXISTS "auth_group_permissions_permission_id_84c5c92e" ON "auth_group_permissions" ("permission_id");
CREATE UNIQUE INDEX "auth_user_groups_user_id_group_id_94350c0c_uniq" ON "auth_user_groups" ("user_id", "group_id");
CREATE INDEX IF NOT EXISTS "auth_user_groups_user_id_6a12ed8b" ON "auth_user_groups" ("user_id");
CREATE INDEX IF NOT EXISTS "auth_user_groups_group_id_97559544" ON "auth_user_groups" ("group_id");
CREATE UNIQUE INDEX "auth_user_user_permissions_user_id_permission_id_14a6b632_uniq" ON "auth_user_user_permissions" ("user_id", "permission_id");
CREATE INDEX IF NOT EXISTS "auth_user_user_permissions_user_id_a95ead1b" ON "auth_user_user_permissions" ("user_id");
CREATE INDEX IF NOT EXISTS "auth_user_user_permissions_permission_id_1fbb5f2c" ON "auth_user_user_permissions" ("permission_id");
CREATE INDEX IF NOT EXISTS "django_admin_log_content_type_id_c4bce8eb" ON "django_admin_log" ("content_type_id");
CREATE INDEX IF NOT EXISTS "django_admin_log_user_id_c564eba6" ON "django_admin_log" ("user_id");
CREATE UNIQUE INDEX "django_content_type_app_label_model_76bd3d3b_uniq" ON "django_content_type" ("app_label", "model");
CREATE UNIQUE INDEX "auth_permission_content_type_id_codename_01ab375a_uniq" ON "auth_permission" ("content_type_id", "codename");
CREATE INDEX IF NOT EXISTS "auth_permission_content_type_id_2f476e4b" ON "auth_permission" ("content_type_id");
CREATE INDEX IF NOT EXISTS "django_session_expire_date_a5c62663" ON "django_session" ("expire_date");
CREATE INDEX IF NOT EXISTS "single_revalidationstudent_department_id_aecae296" ON "single_revalidationstudent" ("department_id");
CREATE INDEX IF NOT EXISTS "single_revalidationstudent_teacher_id_86b1a0ff" ON "single_revalidationstudent" ("teacher_id");
CREATE INDEX IF NOT EXISTS "individual_revalidationstudent_department_id_ab6a8b91" ON "revalidation_revalidationstudent" ("department_id");
CREATE INDEX IF NOT EXISTS "individual_revalidationstudent_teacher_id_624baaca" ON "revalidation_revalidationstudent" ("teacher_id");
CREATE INDEX IF NOT EXISTS "base_lessontopic_category_id_d39db106" ON "base_lessontopic" ("category_id");
CREATE INDEX IF NOT EXISTS "base_lessontopic_teacher_id_9fa0058d" ON "base_lessontopic" ("teacher_id");
CREATE TABLE IF NOT EXISTS "base_sparedtime" ("id" integer NOT NULL PRIMARY KEY AUTOINCREMENT, "time" bigint NOT NULL, "teacher_id" integer NOT NULL UNIQUE REFERENCES "auth_user" ("id") DEFERRABLE INITIALLY DEFERRED);
INSERT INTO "base_sparedtime" VALUES(1,5515,2);
CREATE UNIQUE INDEX "auth_group_permissions_group_id_permission_id_0cd325b0_uniq" ON "auth_group_permissions" ("group_id", "permission_id");
CREATE INDEX IF NOT EXISTS "auth_group_permissions_group_id_b120cbf9" ON "auth_group_permissions" ("group_id");
CREATE INDEX IF NOT EXISTS "auth_group_permissions_permission_id_84c5c92e" ON "auth_group_permissions" ("permission_id");
CREATE UNIQUE INDEX "auth_user_groups_user_id_group_id_94350c0c_uniq" ON "auth_user_groups" ("user_id", "group_id");
CREATE INDEX IF NOT EXISTS "auth_user_groups_user_id_6a12ed8b" ON "auth_user_groups" ("user_id");
CREATE INDEX IF NOT EXISTS "auth_user_groups_group_id_97559544" ON "auth_user_groups" ("group_id");
CREATE UNIQUE INDEX "auth_user_user_permissions_user_id_permission_id_14a6b632_uniq" ON "auth_user_user_permissions" ("user_id", "permission_id");
CREATE INDEX IF NOT EXISTS "auth_user_user_permissions_user_id_a95ead1b" ON "auth_user_user_permissions" ("user_id");
CREATE INDEX IF NOT EXISTS "auth_user_user_permissions_permission_id_1fbb5f2c" ON "auth_user_user_permissions" ("permission_id");
CREATE INDEX IF NOT EXISTS "django_admin_log_content_type_id_c4bce8eb" ON "django_admin_log" ("content_type_id");
CREATE INDEX IF NOT EXISTS "django_admin_log_user_id_c564eba6" ON "django_admin_log" ("user_id");
CREATE UNIQUE INDEX "django_content_type_app_label_model_76bd3d3b_uniq" ON "django_content_type" ("app_label", "model");
CREATE UNIQUE INDEX "auth_permission_content_type_id_codename_01ab375a_uniq" ON "auth_permission" ("content_type_id", "codename");
CREATE INDEX IF NOT EXISTS "auth_permission_content_type_id_2f476e4b" ON "auth_permission" ("content_type_id");
CREATE INDEX IF NOT EXISTS "django_session_expire_date_a5c62663" ON "django_session" ("expire_date");
CREATE INDEX IF NOT EXISTS "single_revalidationstudent_department_id_aecae296" ON "single_revalidationstudent" ("department_id");
CREATE INDEX IF NOT EXISTS "single_revalidationstudent_teacher_id_86b1a0ff" ON "single_revalidationstudent" ("teacher_id");
CREATE INDEX IF NOT EXISTS "individual_revalidationstudent_department_id_ab6a8b91" ON "revalidation_revalidationstudent" ("department_id");
CREATE INDEX IF NOT EXISTS "individual_revalidationstudent_teacher_id_624baaca" ON "revalidation_revalidationstudent" ("teacher_id");
CREATE INDEX IF NOT EXISTS "base_lessontopic_category_id_d39db106" ON "base_lessontopic" ("category_id");
CREATE INDEX IF NOT EXISTS "base_lessontopic_teacher_id_9fa0058d" ON "base_lessontopic" ("teacher_id");
CREATE TABLE IF NOT EXISTS "django_admin_log" ("id" integer NOT NULL PRIMARY KEY AUTOINCREMENT, "action_time" datetime NOT NULL, "object_id" text NULL, "object_repr" varchar(200) NOT NULL, "change_message" text NOT NULL, "content_type_id" integer NULL REFERENCES "django_content_type" ("id") DEFERRABLE INITIALLY DEFERRED, "user_id" integer NOT NULL REFERENCES "auth_user" ("id") DEFERRABLE INITIALLY DEFERRED, "action_flag" smallint unsigned NOT NULL CHECK ("action_flag" >= 0));
INSERT INTO "django_admin_log" VALUES(1,'2021-02-24 16:07:28.233359','2','marzena..krawczyk','[{"added": {}}]',4,1,1);
INSERT INTO "django_admin_log" VALUES(2,'2021-02-24 16:08:09.991418','2','marzena..krawczyk','[{"changed": {"fields": ["First name", "Last name", "Email address", "Last login"]}}]',4,1,2);
INSERT INTO "django_admin_log" VALUES(3,'2021-02-24 16:08:40.162429','2','marzena..krawczyk','[]',4,1,2);
INSERT INTO "django_admin_log" VALUES(4,'2021-02-24 18:07:56.959041','2','marzena.krawczyk','[{"changed": {"fields": ["Username"]}}]',4,1,2);
INSERT INTO "django_admin_log" VALUES(5,'2021-02-25 15:38:18.728778','2','marzena.krawczyk','[{"changed": {"fields": ["password"]}}]',4,1,2);
INSERT INTO "django_admin_log" VALUES(6,'2021-03-05 21:59:06.666133','1','RevalidationStudent object (1)','[{"added": {}}]',13,1,1);
INSERT INTO "django_admin_log" VALUES(7,'2021-03-06 10:03:59.735491','1','Marzena Krawczyk0','[{"added": {}}]',14,1,1);
INSERT INTO "django_admin_log" VALUES(8,'2021-03-06 10:04:08.412331','1','Marzena Krawczyk0','[]',14,1,2);
INSERT INTO "django_admin_log" VALUES(9,'2021-03-07 15:06:42.635895','1','Marzena Krawczyk10000','[{"changed": {"fields": ["Time"]}}]',14,1,2);
INSERT INTO "django_admin_log" VALUES(10,'2021-03-07 15:37:42.994241','1','Marzena Krawczyk0','[{"changed": {"fields": ["Time"]}}]',14,1,2);
INSERT INTO "django_admin_log" VALUES(11,'2021-03-07 15:42:00.879897','1','Marzena Krawczyk5000','[{"changed": {"fields": ["Time"]}}]',14,1,2);
INSERT INTO "django_admin_log" VALUES(12,'2021-03-07 20:34:41.872243','1','IndividualLessonPaymentType object (1)','[{"added": {}}]',17,1,1);
INSERT INTO "django_admin_log" VALUES(13,'2021-03-07 20:36:02.587397','2','IndividualLessonPaymentType object (2)','[{"added": {}}]',17,1,1);
INSERT INTO "django_admin_log" VALUES(14,'2021-03-07 20:37:04.867506','3','Godziny w ramach 40 godzinnego tygodnia pracy','[{"added": {}}]',17,1,1);
INSERT INTO "django_admin_log" VALUES(15,'2021-03-07 21:26:38.252961','1','RevalidationStudent object (1)','[{"added": {}}]',16,1,1);
INSERT INTO "django_admin_log" VALUES(16,'2021-03-08 13:01:39.319329','1','Rewalidacja','[{"added": {}}]',18,1,1);
INSERT INTO "django_admin_log" VALUES(17,'2021-03-15 21:51:08.669089','2','Testowy temat rewalidacyjny','',15,1,3);
INSERT INTO "django_admin_log" VALUES(18,'2021-03-15 21:51:13.235001','1','Testowy temat rewalidacyjny','',15,1,3);
INSERT INTO "django_admin_log" VALUES(19,'2021-03-17 08:50:56.866955','4','Test 1','[{"added": {}}]',15,1,1);
INSERT INTO "django_admin_log" VALUES(20,'2021-03-17 08:51:03.248167','5','Test 2','[{"added": {}}]',15,1,1);
INSERT INTO "django_admin_log" VALUES(21,'2021-03-17 08:51:09.159114','6','Test 3','[{"added": {}}]',15,1,1);
INSERT INTO "django_admin_log" VALUES(22,'2021-03-17 08:51:15.786951','7','Test 4','[{"added": {}}]',15,1,1);
INSERT INTO "django_admin_log" VALUES(23,'2021-03-17 08:51:23.247890','8','Test 5','[{"added": {}}]',15,1,1);
CREATE UNIQUE INDEX "auth_group_permissions_group_id_permission_id_0cd325b0_uniq" ON "auth_group_permissions" ("group_id", "permission_id");
CREATE INDEX IF NOT EXISTS "auth_group_permissions_group_id_b120cbf9" ON "auth_group_permissions" ("group_id");
CREATE INDEX IF NOT EXISTS "auth_group_permissions_permission_id_84c5c92e" ON "auth_group_permissions" ("permission_id");
CREATE UNIQUE INDEX "auth_user_groups_user_id_group_id_94350c0c_uniq" ON "auth_user_groups" ("user_id", "group_id");
CREATE INDEX IF NOT EXISTS "auth_user_groups_user_id_6a12ed8b" ON "auth_user_groups" ("user_id");
CREATE INDEX IF NOT EXISTS "auth_user_groups_group_id_97559544" ON "auth_user_groups" ("group_id");
CREATE UNIQUE INDEX "auth_user_user_permissions_user_id_permission_id_14a6b632_uniq" ON "auth_user_user_permissions" ("user_id", "permission_id");
CREATE INDEX IF NOT EXISTS "auth_user_user_permissions_user_id_a95ead1b" ON "auth_user_user_permissions" ("user_id");
CREATE INDEX IF NOT EXISTS "auth_user_user_permissions_permission_id_1fbb5f2c" ON "auth_user_user_permissions" ("permission_id");
CREATE INDEX IF NOT EXISTS "django_admin_log_content_type_id_c4bce8eb" ON "django_admin_log" ("content_type_id");
CREATE INDEX IF NOT EXISTS "django_admin_log_user_id_c564eba6" ON "django_admin_log" ("user_id");
CREATE UNIQUE INDEX "django_content_type_app_label_model_76bd3d3b_uniq" ON "django_content_type" ("app_label", "model");
CREATE UNIQUE INDEX "auth_permission_content_type_id_codename_01ab375a_uniq" ON "auth_permission" ("content_type_id", "codename");
CREATE INDEX IF NOT EXISTS "auth_permission_content_type_id_2f476e4b" ON "auth_permission" ("content_type_id");
CREATE INDEX IF NOT EXISTS "django_session_expire_date_a5c62663" ON "django_session" ("expire_date");
CREATE INDEX IF NOT EXISTS "single_revalidationstudent_department_id_aecae296" ON "single_revalidationstudent" ("department_id");
CREATE INDEX IF NOT EXISTS "single_revalidationstudent_teacher_id_86b1a0ff" ON "single_revalidationstudent" ("teacher_id");
CREATE INDEX IF NOT EXISTS "individual_revalidationstudent_department_id_ab6a8b91" ON "revalidation_revalidationstudent" ("department_id");
CREATE INDEX IF NOT EXISTS "individual_revalidationstudent_teacher_id_624baaca" ON "revalidation_revalidationstudent" ("teacher_id");
CREATE INDEX IF NOT EXISTS "base_lessontopic_category_id_d39db106" ON "base_lessontopic" ("category_id");
CREATE INDEX IF NOT EXISTS "base_lessontopic_teacher_id_9fa0058d" ON "base_lessontopic" ("teacher_id");
CREATE TABLE IF NOT EXISTS "django_content_type" ("id" integer NOT NULL PRIMARY KEY AUTOINCREMENT, "app_label" varchar(100) NOT NULL, "model" varchar(100) NOT NULL);
INSERT INTO "django_content_type" VALUES(1,'admin','logentry');
INSERT INTO "django_content_type" VALUES(2,'auth','permission');
INSERT INTO "django_content_type" VALUES(3,'auth','group');
INSERT INTO "django_content_type" VALUES(4,'auth','user');
INSERT INTO "django_content_type" VALUES(5,'contenttypes','contenttype');
INSERT INTO "django_content_type" VALUES(6,'sessions','session');
INSERT INTO "django_content_type" VALUES(7,'filler','department');
INSERT INTO "django_content_type" VALUES(8,'filler','polishdays');
INSERT INTO "django_content_type" VALUES(9,'filler','presencesymbol');
INSERT INTO "django_content_type" VALUES(10,'base','department');
INSERT INTO "django_content_type" VALUES(11,'base','polishdays');
INSERT INTO "django_content_type" VALUES(12,'base','presencesymbol');
INSERT INTO "django_content_type" VALUES(13,'single','revalidationstudent');
INSERT INTO "django_content_type" VALUES(14,'base','sparedtime');
INSERT INTO "django_content_type" VALUES(15,'base','lessontopic');
INSERT INTO "django_content_type" VALUES(16,'individual','revalidationstudent');
INSERT INTO "django_content_type" VALUES(17,'individual','individuallessonpaymenttype');
INSERT INTO "django_content_type" VALUES(18,'base','lessoncategory');
CREATE UNIQUE INDEX "auth_group_permissions_group_id_permission_id_0cd325b0_uniq" ON "auth_group_permissions" ("group_id", "permission_id");
CREATE INDEX IF NOT EXISTS "auth_group_permissions_group_id_b120cbf9" ON "auth_group_permissions" ("group_id");
CREATE INDEX IF NOT EXISTS "auth_group_permissions_permission_id_84c5c92e" ON "auth_group_permissions" ("permission_id");
CREATE UNIQUE INDEX "auth_user_groups_user_id_group_id_94350c0c_uniq" ON "auth_user_groups" ("user_id", "group_id");
CREATE INDEX IF NOT EXISTS "auth_user_groups_user_id_6a12ed8b" ON "auth_user_groups" ("user_id");
CREATE INDEX IF NOT EXISTS "auth_user_groups_group_id_97559544" ON "auth_user_groups" ("group_id");
CREATE UNIQUE INDEX "auth_user_user_permissions_user_id_permission_id_14a6b632_uniq" ON "auth_user_user_permissions" ("user_id", "permission_id");
CREATE INDEX IF NOT EXISTS "auth_user_user_permissions_user_id_a95ead1b" ON "auth_user_user_permissions" ("user_id");
CREATE INDEX IF NOT EXISTS "auth_user_user_permissions_permission_id_1fbb5f2c" ON "auth_user_user_permissions" ("permission_id");
CREATE INDEX IF NOT EXISTS "django_admin_log_content_type_id_c4bce8eb" ON "django_admin_log" ("content_type_id");
CREATE INDEX IF NOT EXISTS "django_admin_log_user_id_c564eba6" ON "django_admin_log" ("user_id");
CREATE UNIQUE INDEX "django_content_type_app_label_model_76bd3d3b_uniq" ON "django_content_type" ("app_label", "model");
CREATE UNIQUE INDEX "auth_permission_content_type_id_codename_01ab375a_uniq" ON "auth_permission" ("content_type_id", "codename");
CREATE INDEX IF NOT EXISTS "auth_permission_content_type_id_2f476e4b" ON "auth_permission" ("content_type_id");
CREATE INDEX IF NOT EXISTS "django_session_expire_date_a5c62663" ON "django_session" ("expire_date");
CREATE INDEX IF NOT EXISTS "single_revalidationstudent_department_id_aecae296" ON "single_revalidationstudent" ("department_id");
CREATE INDEX IF NOT EXISTS "single_revalidationstudent_teacher_id_86b1a0ff" ON "single_revalidationstudent" ("teacher_id");
CREATE INDEX IF NOT EXISTS "individual_revalidationstudent_department_id_ab6a8b91" ON "revalidation_revalidationstudent" ("department_id");
CREATE INDEX IF NOT EXISTS "individual_revalidationstudent_teacher_id_624baaca" ON "revalidation_revalidationstudent" ("teacher_id");
CREATE INDEX IF NOT EXISTS "base_lessontopic_category_id_d39db106" ON "base_lessontopic" ("category_id");
CREATE INDEX IF NOT EXISTS "base_lessontopic_teacher_id_9fa0058d" ON "base_lessontopic" ("teacher_id");
CREATE TABLE IF NOT EXISTS "django_migrations" ("id" integer NOT NULL PRIMARY KEY AUTOINCREMENT, "app" varchar(255) NOT NULL, "name" varchar(255) NOT NULL, "applied" datetime NOT NULL);
INSERT INTO "django_migrations" VALUES(1,'contenttypes','0001_initial','2021-02-18 19:34:29.401055');
INSERT INTO "django_migrations" VALUES(2,'auth','0001_initial','2021-02-18 19:34:29.502496');
INSERT INTO "django_migrations" VALUES(3,'admin','0001_initial','2021-02-18 19:34:29.580650');
INSERT INTO "django_migrations" VALUES(4,'admin','0002_logentry_remove_auto_add','2021-02-18 19:34:29.658779');
INSERT INTO "django_migrations" VALUES(5,'admin','0003_logentry_add_action_flag_choices','2021-02-18 19:34:29.768155');
INSERT INTO "django_migrations" VALUES(6,'contenttypes','0002_remove_content_type_name','2021-02-18 19:34:29.939979');
INSERT INTO "django_migrations" VALUES(7,'auth','0002_alter_permission_name_max_length','2021-02-18 19:34:30.033781');
INSERT INTO "django_migrations" VALUES(8,'auth','0003_alter_user_email_max_length','2021-02-18 19:34:30.174399');
INSERT INTO "django_migrations" VALUES(9,'auth','0004_alter_user_username_opts','2021-02-18 19:34:30.249820');
INSERT INTO "django_migrations" VALUES(10,'auth','0005_alter_user_last_login_null','2021-02-18 19:34:30.390501');
INSERT INTO "django_migrations" VALUES(11,'auth','0006_require_contenttypes_0002','2021-02-18 19:34:30.458628');
INSERT INTO "django_migrations" VALUES(12,'auth','0007_alter_validators_add_error_messages','2021-02-18 19:34:30.534203');
INSERT INTO "django_migrations" VALUES(13,'auth','0008_alter_user_username_max_length','2021-02-18 19:34:30.596703');
INSERT INTO "django_migrations" VALUES(14,'auth','0009_alter_user_last_name_max_length','2021-02-18 19:34:30.674826');
INSERT INTO "django_migrations" VALUES(15,'auth','0010_alter_group_name_max_length','2021-02-18 19:34:30.737327');
INSERT INTO "django_migrations" VALUES(16,'auth','0011_update_proxy_permissions','2021-02-18 19:34:30.815465');
INSERT INTO "django_migrations" VALUES(17,'auth','0012_alter_user_first_name_max_length','2021-02-18 19:34:30.971760');
INSERT INTO "django_migrations" VALUES(18,'sessions','0001_initial','2021-02-18 19:34:31.034221');
INSERT INTO "django_migrations" VALUES(19,'filler','0001_initial','2021-02-18 21:25:04.168783');
INSERT INTO "django_migrations" VALUES(20,'filler','0002_auto_20210218_2236','2021-02-18 21:36:34.933512');
INSERT INTO "django_migrations" VALUES(21,'filler','0003_polishdays','2021-02-18 21:45:55.568120');
INSERT INTO "django_migrations" VALUES(22,'filler','0004_presencesymbol','2021-02-18 22:05:19.205092');
INSERT INTO "django_migrations" VALUES(23,'filler','0005_remove_presencesymbol_shortcut','2021-02-18 22:07:35.575415');
INSERT INTO "django_migrations" VALUES(24,'base','0001_initial','2021-03-05 20:48:54.494146');
INSERT INTO "django_migrations" VALUES(25,'filler','0006_delete_department','2021-03-05 21:22:20.517831');
INSERT INTO "django_migrations" VALUES(26,'base','0002_polishdays_presencesymbol','2021-03-05 21:24:03.952833');
INSERT INTO "django_migrations" VALUES(27,'filler','0007_auto_20210305_2227','2021-03-05 21:27:42.239833');
INSERT INTO "django_migrations" VALUES(28,'single','0001_initial','2021-03-05 21:57:15.028129');
INSERT INTO "django_migrations" VALUES(29,'base','0003_sparedtime','2021-03-06 09:59:23.555888');
INSERT INTO "django_migrations" VALUES(30,'base','0004_lessontopic','2021-03-06 17:48:45.948944');
INSERT INTO "django_migrations" VALUES(31,'base','0005_auto_20210306_1850','2021-03-06 17:51:03.515756');
INSERT INTO "django_migrations" VALUES(32,'individual','0001_initial','2021-03-06 17:56:23.473358');
INSERT INTO "django_migrations" VALUES(33,'individual','0002_individuallessonpaymenttype','2021-03-07 20:32:55.278408');
INSERT INTO "django_migrations" VALUES(34,'base','0006_auto_20210308_1350','2021-03-08 12:50:17.326365');
INSERT INTO "django_migrations" VALUES(35,'base','0007_auto_20210308_1402','2021-03-08 13:02:57.140486');
INSERT INTO "django_migrations" VALUES(36,'base','0008_auto_20210315_1249','2021-03-15 11:49:17.061404');
INSERT INTO "django_migrations" VALUES(37,'revalidation','0001_initial','2021-03-18 10:41:38.591837');
CREATE UNIQUE INDEX "auth_group_permissions_group_id_permission_id_0cd325b0_uniq" ON "auth_group_permissions" ("group_id", "permission_id");
CREATE INDEX IF NOT EXISTS "auth_group_permissions_group_id_b120cbf9" ON "auth_group_permissions" ("group_id");
CREATE INDEX IF NOT EXISTS "auth_group_permissions_permission_id_84c5c92e" ON "auth_group_permissions" ("permission_id");
CREATE UNIQUE INDEX "auth_user_groups_user_id_group_id_94350c0c_uniq" ON "auth_user_groups" ("user_id", "group_id");
CREATE INDEX IF NOT EXISTS "auth_user_groups_user_id_6a12ed8b" ON "auth_user_groups" ("user_id");
CREATE INDEX IF NOT EXISTS "auth_user_groups_group_id_97559544" ON "auth_user_groups" ("group_id");
CREATE UNIQUE INDEX "auth_user_user_permissions_user_id_permission_id_14a6b632_uniq" ON "auth_user_user_permissions" ("user_id", "permission_id");
CREATE INDEX IF NOT EXISTS "auth_user_user_permissions_user_id_a95ead1b" ON "auth_user_user_permissions" ("user_id");
CREATE INDEX IF NOT EXISTS "auth_user_user_permissions_permission_id_1fbb5f2c" ON "auth_user_user_permissions" ("permission_id");
CREATE INDEX IF NOT EXISTS "django_admin_log_content_type_id_c4bce8eb" ON "django_admin_log" ("content_type_id");
CREATE INDEX IF NOT EXISTS "django_admin_log_user_id_c564eba6" ON "django_admin_log" ("user_id");
CREATE UNIQUE INDEX "django_content_type_app_label_model_76bd3d3b_uniq" ON "django_content_type" ("app_label", "model");
CREATE UNIQUE INDEX "auth_permission_content_type_id_codename_01ab375a_uniq" ON "auth_permission" ("content_type_id", "codename");
CREATE INDEX IF NOT EXISTS "auth_permission_content_type_id_2f476e4b" ON "auth_permission" ("content_type_id");
CREATE INDEX IF NOT EXISTS "django_session_expire_date_a5c62663" ON "django_session" ("expire_date");
CREATE INDEX IF NOT EXISTS "single_revalidationstudent_department_id_aecae296" ON "single_revalidationstudent" ("department_id");
CREATE INDEX IF NOT EXISTS "single_revalidationstudent_teacher_id_86b1a0ff" ON "single_revalidationstudent" ("teacher_id");
CREATE INDEX IF NOT EXISTS "individual_revalidationstudent_department_id_ab6a8b91" ON "revalidation_revalidationstudent" ("department_id");
CREATE INDEX IF NOT EXISTS "individual_revalidationstudent_teacher_id_624baaca" ON "revalidation_revalidationstudent" ("teacher_id");
CREATE INDEX IF NOT EXISTS "base_lessontopic_category_id_d39db106" ON "base_lessontopic" ("category_id");
CREATE INDEX IF NOT EXISTS "base_lessontopic_teacher_id_9fa0058d" ON "base_lessontopic" ("teacher_id");
CREATE TABLE IF NOT EXISTS "django_session" ("session_key" varchar(40) NOT NULL PRIMARY KEY, "session_data" text NOT NULL, "expire_date" datetime NOT NULL);
INSERT INTO "django_session" VALUES('nyk18zxf6czqsfa10lac0cusna3vnrt8','.eJxVjMtuwjAQRb-ls0YWfuTFilZUrCr4g2jsGTdugoPsRAgQ_14isWF7zzn3Di4xcZwCDhk2d-AThgE2cMJ044iiT3hxt2u_DXHiFFDwDCs4Y86XMdFTPH7vPveHvZIfW3isoMV56to5c2rDghW8bRZdz3EB9IfxdxRujFMKViyKeNEsfkbi4evlvh10mLtnXZU1NQo1cemrqlDOWEPrxnvyRvrSqtprqbGWXqPxhaqUR6OMZmlN4wqCxz9XAlLp:1lFaoj:HVZ0CMxrIsxvq4TLI5hoy-lUiGT1ct-Ec0wf5sH4xyU','2021-03-12 10:57:53.519743');
INSERT INTO "django_session" VALUES('gxe35yl8nmluze2hi4gseupsct0orni8','.eJxVjMtuwjAQRb-ls0YWfuTFilZUrCr4g2jsGTdugoPsRAgQ_14isWF7zzn3Di4xcZwCDhk2d-AThgE2cMJ044iiT3hxt2u_DXHiFFDwDCs4Y86XMdFTPH7vPveHvZIfW3isoMV56to5c2rDghW8bRZdz3EB9IfxdxRujFMKViyKeNEsfkbi4evlvh10mLtnXZU1NQo1cemrqlDOWEPrxnvyRvrSqtprqbGWXqPxhaqUR6OMZmlN4wqCxz9XAlLp:1lFaop:C1tRs7I24hnjRzeX-N2tIZHBFykFZyRPmnJLwM93dE4','2021-03-12 10:57:59.727077');
INSERT INTO "django_session" VALUES('xi8ix7tbmefxcdooxnluzv7z17meowh3','.eJxVjMtuwjAQRb-ls0YWfuTFilZUrCr4g2jsGTdugoPsRAgQ_14isWF7zzn3Di4xcZwCDhk2d-AThgE2cMJ044iiT3hxt2u_DXHiFFDwDCs4Y86XMdFTPH7vPveHvZIfW3isoMV56to5c2rDghW8bRZdz3EB9IfxdxRujFMKViyKeNEsfkbi4evlvh10mLtnXZU1NQo1cemrqlDOWEPrxnvyRvrSqtprqbGWXqPxhaqUR6OMZmlN4wqCxz9XAlLp:1lFapj:4UKun5lPjmZrQ8-Cg1eSn60IB6rUbt3pDFrE1pBuAVk','2021-03-12 10:58:55.944230');
INSERT INTO "django_session" VALUES('e1c4ewzqif8dq914sz60zux1y6gjxd9w','.eJxVjMtuwjAQRb-ls0YWfuTFilZUrCr4g2jsGTdugoPsRAgQ_14isWF7zzn3Di4xcZwCDhk2d-AThgE2cMJ044iiT3hxt2u_DXHiFFDwDCs4Y86XMdFTPH7vPveHvZIfW3isoMV56to5c2rDghW8bRZdz3EB9IfxdxRujFMKViyKeNEsfkbi4evlvh10mLtnXZU1NQo1cemrqlDOWEPrxnvyRvrSqtprqbGWXqPxhaqUR6OMZmlN4wqCxz9XAlLp:1lFaqU:V-iMJ0IwogRct5deuOS973WU4BZWreLVXuQQHhUlnXI','2021-03-12 10:59:42.053241');
INSERT INTO "django_session" VALUES('2i5scgucpmc2qm3f4w61herubiist9yf','.eJxVjMtuwjAQRb-ls0YWfuTFilZUrCr4g2jsGTdugoPsRAgQ_14isWF7zzn3Di4xcZwCDhk2d-AThgE2cMJ044iiT3hxt2u_DXHiFFDwDCs4Y86XMdFTPH7vPveHvZIfW3isoMV56to5c2rDghW8bRZdz3EB9IfxdxRujFMKViyKeNEsfkbi4evlvh10mLtnXZU1NQo1cemrqlDOWEPrxnvyRvrSqtprqbGWXqPxhaqUR6OMZmlN4wqCxz9XAlLp:1lFar6:xPVFMbm69OscrUfkRVCQKer6gn2SJCL0PSIiI-CY9yQ','2021-03-12 11:00:20.470532');
INSERT INTO "django_session" VALUES('ofo9vdxwnjuxfg22q8rnt8y0rs859c3w','.eJxVjMtuwjAQRb-ls0YWfuTFilZUrCr4g2jsGTdugoPsRAgQ_14isWF7zzn3Di4xcZwCDhk2d-AThgE2cMJ044iiT3hxt2u_DXHiFFDwDCs4Y86XMdFTPH7vPveHvZIfW3isoMV56to5c2rDghW8bRZdz3EB9IfxdxRujFMKViyKeNEsfkbi4evlvh10mLtnXZU1NQo1cemrqlDOWEPrxnvyRvrSqtprqbGWXqPxhaqUR6OMZmlN4wqCxz9XAlLp:1lFhGr:3gX5xgcanCdE9zcy9A-qu0b-LIUyy1yfGV11SEodyLE','2021-03-12 17:51:21.662614');
INSERT INTO "django_session" VALUES('nog7iipyv4128wi01934sjbtkb79tuvc','.eJxVjMtuwjAQRb-ls0YWfuTFilZUrCr4g2jsGTdugoPsRAgQ_14isWF7zzn3Di4xcZwCDhk2d-AThgE2cMJ044iiT3hxt2u_DXHiFFDwDCs4Y86XMdFTPH7vPveHvZIfW3isoMV56to5c2rDghW8bRZdz3EB9IfxdxRujFMKViyKeNEsfkbi4evlvh10mLtnXZU1NQo1cemrqlDOWEPrxnvyRvrSqtprqbGWXqPxhaqUR6OMZmlN4wqCxz9XAlLp:1lFyVv:pBGx1K-khr85nyCRFe9VjkHLLkJDU2z0PlGUeghW6Jw','2021-03-13 12:16:03.178488');
INSERT INTO "django_session" VALUES('nnmirl8k5y53dvrw1jfcuu590dsg60kh','.eJxVjMtuwjAQRb-ls0YWfuTFilZUrCr4g2jsGTdugoPsRAgQ_14isWF7zzn3Di4xcZwCDhk2d-AThgE2cMJ044iiT3hxt2u_DXHiFFDwDCs4Y86XMdFTPH7vPveHvZIfW3isoMV56to5c2rDghW8bRZdz3EB9IfxdxRujFMKViyKeNEsfkbi4evlvh10mLtnXZU1NQo1cemrqlDOWEPrxnvyRvrSqtprqbGWXqPxhaqUR6OMZmlN4wqCxz9XAlLp:1lFyb8:GUxsGlKczYmWDryx0-kxQ6bi4VbqfglAxe80stTLisQ','2021-03-13 12:21:26.234464');
INSERT INTO "django_session" VALUES('ysrx02dkpx69fu0rjtnxtvxmooz9atkb','eyJjcmVkZW50aWFscyI6eyJlbWFpbCI6Im1hcnplbmEua3Jhd2N6eWtAaW50ZXJpYS5ldSIsInBhc3N3b3JkIjoiUEVEQUdPRzIxIUAifX0:1lIIDN:aWpC5sa_r3JVCpr6_8TnHpB3d6uB5i_6Zhlg_uZvQnU','2021-03-19 21:42:29.628995');
INSERT INTO "django_session" VALUES('2blxamarwj4i6icl6x3114rpte3bec0f','.eJxVjEFuwjAQRc_SWSOL2HHssKJVK1ZVe4NoMjMhboJT2YlQQdy9RGLD9r_3_hUoCUucA44ZdleQE4YRdnDCdJGIakh4psvfsA9xlhRQyQIb-MWcz1Piu_j98f56-Dro4mUPtw00uMx9s2RJTVixhqetRRokroB_MB4nRVOcU2jVqqgHzepzYhnfHu7TQY-5v9dW1-TYEpNldOK1M9bZYmu7qiTxZWV8WRpPzmuhouqMUKe55WJrXG3rCm7_QuRSPg:1lMeUc:SGTzDr1bQJpDVR6MgGWT9mug6xhTuKB_CzYRfF-Rzio','2021-03-31 22:18:18.614252');
INSERT INTO "django_session" VALUES('sj3s2un0y8rdp3s1iue70b25fsloxe71','.eJxVjEFuwjAQRc_SWSOL2HHssKJVK1ZVe4NoMjMhboJT2YlQQdy9RGLD9r_3_hUoCUucA44ZdleQE4YRdnDCdJGIakh4psvfsA9xlhRQyQIb-MWcz1Piu_j98f56-Dro4mUPtw00uMx9s2RJTVixhqetRRokroB_MB4nRVOcU2jVqqgHzepzYhnfHu7TQY-5v9dW1-TYEpNldOK1M9bZYmu7qiTxZWV8WRpPzmuhouqMUKe55WJrXG3rCm7_QuRSPg:1lMq2b:rWP-Rf2h0HYMt8C0Zg9uFVJWD7-nA2_R7TTa0RWfs6U','2021-04-01 10:38:09.765354');
CREATE UNIQUE INDEX "auth_group_permissions_group_id_permission_id_0cd325b0_uniq" ON "auth_group_permissions" ("group_id", "permission_id");
CREATE INDEX IF NOT EXISTS "auth_group_permissions_group_id_b120cbf9" ON "auth_group_permissions" ("group_id");
CREATE INDEX IF NOT EXISTS "auth_group_permissions_permission_id_84c5c92e" ON "auth_group_permissions" ("permission_id");
CREATE UNIQUE INDEX "auth_user_groups_user_id_group_id_94350c0c_uniq" ON "auth_user_groups" ("user_id", "group_id");
CREATE INDEX IF NOT EXISTS "auth_user_groups_user_id_6a12ed8b" ON "auth_user_groups" ("user_id");
CREATE INDEX IF NOT EXISTS "auth_user_groups_group_id_97559544" ON "auth_user_groups" ("group_id");
CREATE UNIQUE INDEX "auth_user_user_permissions_user_id_permission_id_14a6b632_uniq" ON "auth_user_user_permissions" ("user_id", "permission_id");
CREATE INDEX IF NOT EXISTS "auth_user_user_permissions_user_id_a95ead1b" ON "auth_user_user_permissions" ("user_id");
CREATE INDEX IF NOT EXISTS "auth_user_user_permissions_permission_id_1fbb5f2c" ON "auth_user_user_permissions" ("permission_id");
CREATE INDEX IF NOT EXISTS "django_admin_log_content_type_id_c4bce8eb" ON "django_admin_log" ("content_type_id");
CREATE INDEX IF NOT EXISTS "django_admin_log_user_id_c564eba6" ON "django_admin_log" ("user_id");
CREATE UNIQUE INDEX "django_content_type_app_label_model_76bd3d3b_uniq" ON "django_content_type" ("app_label", "model");
CREATE UNIQUE INDEX "auth_permission_content_type_id_codename_01ab375a_uniq" ON "auth_permission" ("content_type_id", "codename");
CREATE INDEX IF NOT EXISTS "auth_permission_content_type_id_2f476e4b" ON "auth_permission" ("content_type_id");
CREATE INDEX IF NOT EXISTS "django_session_expire_date_a5c62663" ON "django_session" ("expire_date");
CREATE INDEX IF NOT EXISTS "single_revalidationstudent_department_id_aecae296" ON "single_revalidationstudent" ("department_id");
CREATE INDEX IF NOT EXISTS "single_revalidationstudent_teacher_id_86b1a0ff" ON "single_revalidationstudent" ("teacher_id");
CREATE INDEX IF NOT EXISTS "individual_revalidationstudent_department_id_ab6a8b91" ON "revalidation_revalidationstudent" ("department_id");
CREATE INDEX IF NOT EXISTS "individual_revalidationstudent_teacher_id_624baaca" ON "revalidation_revalidationstudent" ("teacher_id");
CREATE INDEX IF NOT EXISTS "base_lessontopic_category_id_d39db106" ON "base_lessontopic" ("category_id");
CREATE INDEX IF NOT EXISTS "base_lessontopic_teacher_id_9fa0058d" ON "base_lessontopic" ("teacher_id");
CREATE TABLE IF NOT EXISTS "revalidation_individuallessonpaymenttype" ("id" integer NOT NULL PRIMARY KEY AUTOINCREMENT, "type" varchar(75) NOT NULL);
INSERT INTO "revalidation_individuallessonpaymenttype" VALUES(1,'Dodatkowo płatne');
INSERT INTO "revalidation_individuallessonpaymenttype" VALUES(2,'W ramach pensum');
INSERT INTO "revalidation_individuallessonpaymenttype" VALUES(3,'Godziny w ramach 40 godzinnego tygodnia pracy');
CREATE UNIQUE INDEX "auth_group_permissions_group_id_permission_id_0cd325b0_uniq" ON "auth_group_permissions" ("group_id", "permission_id");
CREATE INDEX IF NOT EXISTS "auth_group_permissions_group_id_b120cbf9" ON "auth_group_permissions" ("group_id");
CREATE INDEX IF NOT EXISTS "auth_group_permissions_permission_id_84c5c92e" ON "auth_group_permissions" ("permission_id");
CREATE UNIQUE INDEX "auth_user_groups_user_id_group_id_94350c0c_uniq" ON "auth_user_groups" ("user_id", "group_id");
CREATE INDEX IF NOT EXISTS "auth_user_groups_user_id_6a12ed8b" ON "auth_user_groups" ("user_id");
CREATE INDEX IF NOT EXISTS "auth_user_groups_group_id_97559544" ON "auth_user_groups" ("group_id");
CREATE UNIQUE INDEX "auth_user_user_permissions_user_id_permission_id_14a6b632_uniq" ON "auth_user_user_permissions" ("user_id", "permission_id");
CREATE INDEX IF NOT EXISTS "auth_user_user_permissions_user_id_a95ead1b" ON "auth_user_user_permissions" ("user_id");
CREATE INDEX IF NOT EXISTS "auth_user_user_permissions_permission_id_1fbb5f2c" ON "auth_user_user_permissions" ("permission_id");
CREATE INDEX IF NOT EXISTS "django_admin_log_content_type_id_c4bce8eb" ON "django_admin_log" ("content_type_id");
CREATE INDEX IF NOT EXISTS "django_admin_log_user_id_c564eba6" ON "django_admin_log" ("user_id");
CREATE UNIQUE INDEX "django_content_type_app_label_model_76bd3d3b_uniq" ON "django_content_type" ("app_label", "model");
CREATE UNIQUE INDEX "auth_permission_content_type_id_codename_01ab375a_uniq" ON "auth_permission" ("content_type_id", "codename");
CREATE INDEX IF NOT EXISTS "auth_permission_content_type_id_2f476e4b" ON "auth_permission" ("content_type_id");
CREATE INDEX IF NOT EXISTS "django_session_expire_date_a5c62663" ON "django_session" ("expire_date");
CREATE INDEX IF NOT EXISTS "single_revalidationstudent_department_id_aecae296" ON "single_revalidationstudent" ("department_id");
CREATE INDEX IF NOT EXISTS "single_revalidationstudent_teacher_id_86b1a0ff" ON "single_revalidationstudent" ("teacher_id");
CREATE INDEX IF NOT EXISTS "individual_revalidationstudent_department_id_ab6a8b91" ON "revalidation_revalidationstudent" ("department_id");
CREATE INDEX IF NOT EXISTS "individual_revalidationstudent_teacher_id_624baaca" ON "revalidation_revalidationstudent" ("teacher_id");
CREATE INDEX IF NOT EXISTS "base_lessontopic_category_id_d39db106" ON "base_lessontopic" ("category_id");
CREATE INDEX IF NOT EXISTS "base_lessontopic_teacher_id_9fa0058d" ON "base_lessontopic" ("teacher_id");
CREATE TABLE IF NOT EXISTS "revalidation_revalidationstudent" ("id" integer NOT NULL PRIMARY KEY AUTOINCREMENT, "name" varchar(50) NOT NULL, "department_id" integer NOT NULL REFERENCES "base_department" ("id") DEFERRABLE INITIALLY DEFERRED, "teacher_id" integer NOT NULL REFERENCES "auth_user" ("id") DEFERRABLE INITIALLY DEFERRED);
INSERT INTO "revalidation_revalidationstudent" VALUES(1,'Tomek',1,2);
INSERT INTO "revalidation_revalidationstudent" VALUES(2,'Testowy Uczeń',2,2);
CREATE UNIQUE INDEX "auth_group_permissions_group_id_permission_id_0cd325b0_uniq" ON "auth_group_permissions" ("group_id", "permission_id");
CREATE INDEX IF NOT EXISTS "auth_group_permissions_group_id_b120cbf9" ON "auth_group_permissions" ("group_id");
CREATE INDEX IF NOT EXISTS "auth_group_permissions_permission_id_84c5c92e" ON "auth_group_permissions" ("permission_id");
CREATE UNIQUE INDEX "auth_user_groups_user_id_group_id_94350c0c_uniq" ON "auth_user_groups" ("user_id", "group_id");
CREATE INDEX IF NOT EXISTS "auth_user_groups_user_id_6a12ed8b" ON "auth_user_groups" ("user_id");
CREATE INDEX IF NOT EXISTS "auth_user_groups_group_id_97559544" ON "auth_user_groups" ("group_id");
CREATE UNIQUE INDEX "auth_user_user_permissions_user_id_permission_id_14a6b632_uniq" ON "auth_user_user_permissions" ("user_id", "permission_id");
CREATE INDEX IF NOT EXISTS "auth_user_user_permissions_user_id_a95ead1b" ON "auth_user_user_permissions" ("user_id");
CREATE INDEX IF NOT EXISTS "auth_user_user_permissions_permission_id_1fbb5f2c" ON "auth_user_user_permissions" ("permission_id");
CREATE INDEX IF NOT EXISTS "django_admin_log_content_type_id_c4bce8eb" ON "django_admin_log" ("content_type_id");
CREATE INDEX IF NOT EXISTS "django_admin_log_user_id_c564eba6" ON "django_admin_log" ("user_id");
CREATE UNIQUE INDEX "django_content_type_app_label_model_76bd3d3b_uniq" ON "django_content_type" ("app_label", "model");
CREATE UNIQUE INDEX "auth_permission_content_type_id_codename_01ab375a_uniq" ON "auth_permission" ("content_type_id", "codename");
CREATE INDEX IF NOT EXISTS "auth_permission_content_type_id_2f476e4b" ON "auth_permission" ("content_type_id");
CREATE INDEX IF NOT EXISTS "django_session_expire_date_a5c62663" ON "django_session" ("expire_date");
CREATE INDEX IF NOT EXISTS "single_revalidationstudent_department_id_aecae296" ON "single_revalidationstudent" ("department_id");
CREATE INDEX IF NOT EXISTS "single_revalidationstudent_teacher_id_86b1a0ff" ON "single_revalidationstudent" ("teacher_id");
CREATE INDEX IF NOT EXISTS "individual_revalidationstudent_department_id_ab6a8b91" ON "revalidation_revalidationstudent" ("department_id");
CREATE INDEX IF NOT EXISTS "individual_revalidationstudent_teacher_id_624baaca" ON "revalidation_revalidationstudent" ("teacher_id");
CREATE INDEX IF NOT EXISTS "base_lessontopic_category_id_d39db106" ON "base_lessontopic" ("category_id");
CREATE INDEX IF NOT EXISTS "base_lessontopic_teacher_id_9fa0058d" ON "base_lessontopic" ("teacher_id");
CREATE TABLE IF NOT EXISTS "single_revalidationstudent" ("id" integer NOT NULL PRIMARY KEY AUTOINCREMENT, "name" varchar(50) NOT NULL, "department_id" integer NOT NULL REFERENCES "base_department" ("id") DEFERRABLE INITIALLY DEFERRED, "teacher_id" integer NOT NULL REFERENCES "auth_user" ("id") DEFERRABLE INITIALLY DEFERRED);
INSERT INTO "single_revalidationstudent" VALUES(1,'Tomek',1,2);
CREATE UNIQUE INDEX "auth_group_permissions_group_id_permission_id_0cd325b0_uniq" ON "auth_group_permissions" ("group_id", "permission_id");
CREATE INDEX IF NOT EXISTS "auth_group_permissions_group_id_b120cbf9" ON "auth_group_permissions" ("group_id");
CREATE INDEX IF NOT EXISTS "auth_group_permissions_permission_id_84c5c92e" ON "auth_group_permissions" ("permission_id");
CREATE UNIQUE INDEX "auth_user_groups_user_id_group_id_94350c0c_uniq" ON "auth_user_groups" ("user_id", "group_id");
CREATE INDEX IF NOT EXISTS "auth_user_groups_user_id_6a12ed8b" ON "auth_user_groups" ("user_id");
CREATE INDEX IF NOT EXISTS "auth_user_groups_group_id_97559544" ON "auth_user_groups" ("group_id");
CREATE UNIQUE INDEX "auth_user_user_permissions_user_id_permission_id_14a6b632_uniq" ON "auth_user_user_permissions" ("user_id", "permission_id");
CREATE INDEX IF NOT EXISTS "auth_user_user_permissions_user_id_a95ead1b" ON "auth_user_user_permissions" ("user_id");
CREATE INDEX IF NOT EXISTS "auth_user_user_permissions_permission_id_1fbb5f2c" ON "auth_user_user_permissions" ("permission_id");
CREATE INDEX IF NOT EXISTS "django_admin_log_content_type_id_c4bce8eb" ON "django_admin_log" ("content_type_id");
CREATE INDEX IF NOT EXISTS "django_admin_log_user_id_c564eba6" ON "django_admin_log" ("user_id");
CREATE UNIQUE INDEX "django_content_type_app_label_model_76bd3d3b_uniq" ON "django_content_type" ("app_label", "model");
CREATE UNIQUE INDEX "auth_permission_content_type_id_codename_01ab375a_uniq" ON "auth_permission" ("content_type_id", "codename");
CREATE INDEX IF NOT EXISTS "auth_permission_content_type_id_2f476e4b" ON "auth_permission" ("content_type_id");
CREATE INDEX IF NOT EXISTS "django_session_expire_date_a5c62663" ON "django_session" ("expire_date");
CREATE INDEX IF NOT EXISTS "single_revalidationstudent_department_id_aecae296" ON "single_revalidationstudent" ("department_id");
CREATE INDEX IF NOT EXISTS "single_revalidationstudent_teacher_id_86b1a0ff" ON "single_revalidationstudent" ("teacher_id");
CREATE INDEX IF NOT EXISTS "individual_revalidationstudent_department_id_ab6a8b91" ON "revalidation_revalidationstudent" ("department_id");
CREATE INDEX IF NOT EXISTS "individual_revalidationstudent_teacher_id_624baaca" ON "revalidation_revalidationstudent" ("teacher_id");
CREATE INDEX IF NOT EXISTS "base_lessontopic_category_id_d39db106" ON "base_lessontopic" ("category_id");
CREATE INDEX IF NOT EXISTS "base_lessontopic_teacher_id_9fa0058d" ON "base_lessontopic" ("teacher_id");
